,ItemID,address,local,category
0,광고만두라,서울 금천구 시흥대로 97 BB53호,(지번) 시흥동 984,한식
1,가산물갈비&백년불고기,서울 금천구 가산디지털1로 128 STXV타워 1층 110호,(지번) 가산동 371-37,"불고기,두루치기"
2,동흥관,서울 금천구 시흥대로63길 20,(지번) 시흥동 115-10,중화요리
3,강강술래 시흥점,서울 금천구 시흥대로 193 금천ICT타워 2층,(지번) 시흥동 991,"육류,고기"
4,도원,서울 금천구 범안로 1130 디지털엠파이어빌딩 101호,(지번) 가산동 685,뷔페
5,쌍교숯불갈비 서울금천점,서울 금천구 시흥대로 435 1층,(지번) 독산동 152-3,한식
6,농장사람들,서울 금천구 벚꽃로 316 C&S타워 1층,(지번) 가산동 777,"육류,고기"
7,순댕이네얼큰수제비,서울 금천구 시흥대로136길 1,(지번) 독산동 160-17,수제비
8,김사부샤브샤브,서울 금천구 가산로 132,(지번) 가산동 145-24,샤브샤브
9,왕게수산,서울 금천구 시흥대로 182,(지번) 시흥동 903-5,"게,대게"
10,채영진의명품생고기무한리필 독산점,서울 금천구 독산로 176,(지번) 독산동 378-436,고기뷔페
11,개성손만두요리전문점 가산디지털점,서울 금천구 가산로9길 22,(지번) 가산동 143-18,한식
12,두껍삼 가산직영점,서울 금천구 벚꽃로38길 43,(지번) 가산동 87-225,삼겹살
13,문정곱창,서울 금천구 디지털로12길 37 1층,(지번) 가산동 143-20,"곱창,막창"
14,춘천옥,서울 금천구 디지털로12길 19,(지번) 가산동 140-38,"족발,보쌈"
15,은행골 시흥분점,서울 금천구 시흥대로 198 지하1층,(지번) 시흥동 890-10,"초밥,롤"
16,호세가,서울 금천구 남부순환로108길 19 1층,(지번) 가산동 145-13,"멕시칸,브라질"
17,북촌삼대갈비 가산본점,서울 금천구 가산로 149 1층,(지번) 가산동 140-8,갈비
18,만두라,서울 금천구 시흥대로 97 BB53호,(지번) 시흥동 984,한식
19,우리집 순대국,서울 금천구 금하로 650,(지번) 시흥동 885-6,순대
20,진영면옥,서울 금천구 가산로 22-5,(지번) 독산동 162-10,냉면
21,탐나종합어시장 가산점,서울 금천구 가산로 156 1층,(지번) 가산동 141-14,회
22,스시쥬베이,서울 금천구 가산로 147,(지번) 가산동 140-9,일식
23,황제짬뽕양꼬치,서울 금천구 디지털로9길 32 B동 1층 107호,(지번) 가산동 60-5,중화요리
24,아웃백스테이크하우스 가산점,서울 금천구 디지털로10길 9 현대시티아울렛 가산점 7층,(지번) 가산동 60-8,패밀리레스토랑
25,스미다,서울 금천구 벚꽃로 298 대륭포스트6차 b143호,(지번) 가산동 50-3,카페
26,동대문털보네,서울 금천구 디지털로9길 99,(지번) 가산동 60-11,"육류,고기"
27,동남집 2호점,서울 금천구 가산디지털1로 149,(지번) 가산동 371-59,"육류,고기"
28,떡볶이랑걸레만두랑,서울 금천구 시흥대로58길 13,(지번) 시흥동 885-10,떡볶이
29,지리산 삼계탕,서울 금천구 가산로 88,(지번) 독산동 148-32,삼계탕
30,맥도날드 서울시흥DT점,서울 금천구 시흥대로 184,(지번) 시흥동 903-4,패스트푸드
31,말뚝곱창 5호점,서울 금천구 벚꽃로38길 21 2층,(지번) 가산동 44-1,"곱창,막창"
32,애슐리퀸즈 가산재능점,서울 금천구 가산디지털1로 186 제이플라츠 2층,(지번) 가산동 459-11,패밀리레스토랑
33,풍년갈비,서울 금천구 디지털로12길 33,(지번) 가산동 143-28,갈비
34,우마왕,서울 금천구 범안로17길 9 한아마인드아파트 1층,(지번) 독산동 1142,"육류,고기"
35,여신족발,서울 금천구 벚꽃로38길 21,(지번) 가산동 44-1,"족발,보쌈"
36,이화룡불짬뽕,서울 금천구 시흥대로122길 15 1층,(지번) 독산동 285-23,중화요리
37,니하우,서울 금천구 벚꽃로38길 32-43,(지번) 가산동 83-1,양꼬치
38,슈케익하우스,서울 금천구 시흥대로63길 3,(지번) 시흥동 121,음식점
39,스튜디오레이크,서울 금천구 디지털로 210 지하 1층,(지번) 가산동 140-26,카페
40,노브랜드버거 가산디지털단지점,서울 금천구 벚꽃로 286 삼성리더스타워 1층 109호,(지번) 가산동 60-15,패스트푸드
41,우리소양평해장국 본점,서울 금천구 범안로 1244,(지번) 독산동 1035-1,해장국
42,동산미,서울 금천구 가산디지털2로 138-1,(지번) 가산동 458-31,"육류,고기"
43,흥부전놀부전,서울 금천구 남부순환로108길 28,(지번) 가산동 142-34,한정식
44,탐나종합어시장 시흥사거리점,서울 금천구 금하로 636,(지번) 시흥동 884-1,회
45,딥,서울 금천구 범안로 1249 1층,(지번) 독산동 1026-15,"호프,요리주점"
46,파티엘하우스,서울 금천구 디지털로 173 엘리시아 빌딩 3층,(지번) 가산동 60-69,뷔페
47,동남집,"서울 금천구 디지털로9길 99 스타밸리 1층 105,106호",(지번) 가산동 60-11,갈비
48,스타벅스 금천독산점,서울 금천구 두산로 70 남서울현대지식산업센터 T로비층 108호,(지번) 독산동 291-1,커피전문점
49,논빼미돼지볶음,서울 금천구 시흥대로 185,(지번) 시흥동 991-14,"불고기,두루치기"
50,복숭아꽃살구꽃,서울 금천구 벚꽃로38길 32-53,(지번) 가산동 83-26,"호프,요리주점"
51,가산통통,서울 금천구 가산디지털1로 168 우림라이온스밸리 A-2019호,(지번) 가산동 371-28,"육류,고기"
52,도넛인사이드도넛,서울 금천구 시흥대로141길 81 1층,(지번) 독산동 144-6,도넛
53,금대한우도매식당,서울 금천구 범안로21길 19,(지번) 독산동 293-4,"육류,고기"
54,삼대족발 금천점,서울 금천구 시흥대로 196,(지번) 시흥동 890-14,"족발,보쌈"
55,로,서울 금천구 디지털로9길 47 한신IT타워 2차 1층 103호,(지번) 가산동 60-18,"육류,고기"
56,인생양대창,서울 금천구 시흥대로52길 42 1층,(지번) 시흥동 888-5,"곱창,막창"
57,스시히또 가산점,서울 금천구 벚꽃로 286 삼성리더스타워 지하1층 114호,(지번) 가산동 60-15,"초밥,롤"
58,스타벅스 금천시흥점,서울 금천구 시흥대로 164,(지번) 시흥동 904-22,커피전문점
59,암소한마리 본점,서울 금천구 시흥대로 371,(지번) 독산동 292-8,"육류,고기"
60,본가집가마솥설렁탕 금천구청본점,서울 금천구 시흥대로 269 1층,(지번) 시흥동 108-62,설렁탕
61,로운샤브샤브 롯데마트금천점,서울 금천구 시흥대로 291 지하1층,(지번) 독산동 산 221-3,샤브샤브
62,우시장3호집,서울 금천구 시흥대로 364 1층,(지번) 독산동 1031-5,"육류,고기"
63,총각네부추곱창 독산동본점,서울 금천구 독산로75길 40,(지번) 독산4동 196-22,"곱창,막창"
64,스타벅스 독산사거리점,서울 금천구 시흥대로 426,(지번) 독산동 159-23,커피전문점
65,빅터스버거,서울 금천구 시흥대로 291 마르쉐도르에비뉴 상가 1층 126호,(지번) 독산동 산 221-3,햄버거
66,서대문김치찜 서울직영점,서울 금천구 두산로 70,(지번) 독산동 291-1,"육류,고기"
67,만세정육식당,서울 금천구 벚꽃로46길 1,(지번) 가산동 36-6,"육류,고기"
68,오복닭한마리&칼국수 가산점,서울 금천구 가산로 142,(지번) 가산동 142-39,닭요리
69,버거킹 가산디지털점,서울 금천구 가산디지털1로 168 우림라이온스밸리 A동,(지번) 가산동 371-28,패스트푸드
70,상아탑분식,서울 금천구 금하로29길 3,(지번) 시흥동 263-15,분식
71,써브웨이 가산디지털단지점,서울 금천구 가산디지털1로 165 가산비지니스센터 102호,(지번) 가산동 371-6,샌드위치
72,마벨리에 시흥점,서울 금천구 시흥대로 201 홈플러스 7층,(지번) 시흥동 992-47,뷔페
73,왕래성,서울 금천구 가산로 8,(지번) 독산동 163-2,중화요리
74,종로계림닭도리탕 가산점,"서울 금천구 가산디지털1로 142 가산 더스카이밸리 1차 2층 228,229호",(지번) 가산동 371-57,닭요리
75,금천가든,서울 금천구 시흥대로124길 6,(지번) 독산동 285-21,"육류,고기"
76,하나스시,서울 금천구 디지털로9길 68 대륭포스트타워5차 119호,(지번) 가산동 60-3,"초밥,롤"
77,이로이로,서울 금천구 범안로 1130,(지번) 가산동 685,카페
78,스타벅스 가산디지털점,서울 금천구 가산디지털1로 168 우림라이온스벨리 B동 1층,(지번) 가산동 371-28,커피전문점
79,휴스시,서울 금천구 디지털로9길 46 이앤씨드림타워7차 1층 108호,(지번) 가산동 60-44,"초밥,롤"
80,스시초이,서울 금천구 가산디지털1로 171 SK V1센터 2층,(지번) 가산동 371-41,"초밥,롤"
81,제주목장,서울 금천구 가산로 85,(지번) 독산동 297-1,"육류,고기"
82,맥도날드 가산비지니스센터점,서울 금천구 가산디지털1로 165 1층,(지번) 가산동 371-6,패스트푸드
83,명륜진사갈비 서울독산점,서울 금천구 시흥대로 447,(지번) 독산동 150-10,갈비
84,스타벅스 가산디지털단지역점,서울 금천구 벚꽃로 298,(지번) 가산동 50-3,커피전문점
85,실비 순대국,서울 금천구 범안로 1207,(지번) 독산동 293-19,순대
86,송주불냉면 독산본점,서울 금천구 시흥대로138길 29,(지번) 독산동 988-9,냉면
87,이유 본점,서울 금천구 가산디지털1로 83 파트너스타워 1층,(지번) 가산동 345-13,이탈리안
88,텐마루 가산점,서울 금천구 디지털로12길 21 2층,(지번) 가산동 143-44,일본식주점
89,고구려짬뽕10101 서울금천점,서울 금천구 시흥대로52길 7,(지번) 시흥동 890-9,중화요리
90,신미경정통춘천닭갈비 독산직영점,서울 금천구 독산로50길 11,(지번) 독산2동 378-478,닭요리
91,KFC 가산디지털점,서울 금천구 가산디지털1로 186 제이플라츠 1층 110-1호,(지번) 가산동 459-11,패스트푸드
92,팔람까오,서울 금천구 서부샛길 606 2층,(지번) 가산동 543-1,동남아음식
93,디저트39 금천시흥점,서울 금천구 독산로 131-1,(지번) 시흥동 852-30,디저트카페
94,삼은식당,서울 금천구 범안로21길 17,(지번) 독산동 293-29,"육류,고기"
95,써브웨이 독산점,서울 금천구 시흥대로 399 1층 112호,(지번) 독산동 291-6,샌드위치
96,햇빛촌순대국,서울 금천구 벚꽃로38길 32-39,(지번) 가산동 83-13,순대
97,쭈꾸미시스터즈 롯데가산점,서울 금천구 벚꽃로 278 SJ테크노빌 3층,(지번) 가산동 60-19,"해물,생선"
98,종가대박집 금천점,서울 금천구 시흥대로 155,(지번) 시흥동 986-4,"육류,고기"
99,김상현참치,서울 금천구 시흥대로 231 3층,(지번) 시흥동 994-3,참치회
100,짚신매운갈비찜 시흥사거리점,서울 금천구 시흥대로56길 9 1층,(지번) 시흥동 889-17,한식
101,강가네돌솥밥추어탕,서울 금천구 남부순환로 1420,(지번) 독산동 901-3,추어
102,화로구이,서울 금천구 범안로 1200,(지번) 독산동 1007,"육류,고기"
103,어물전 금천독산점,서울 금천구 시흥대로152길 11-43 삼부르네상스 1층,(지번) 독산동 953,"해물,생선"
104,부자아줌마 가산본점,서울 금천구 가산디지털1로 83,(지번) 가산동 345-13,"족발,보쌈"
105,춘천대나무닭갈비,서울 금천구 가산로 53,(지번) 독산동 296-16,갈비
106,무시칸 본관,서울 금천구 벚꽃로56길 102,(지번) 가산동 83-19,갈비
107,옛날닭꼬치사골부대찌개,서울 금천구 벚꽃로 212,(지번) 가산동 239-15,한식
108,냥카페묘연,서울 금천구 시흥대로 149 2층 201호,(지번) 시흥동 985-8,고양이카페
109,탁초밥,서울 금천구 독산로74길 16,(지번) 독산동 1021-1,"초밥,롤"
110,어부네생선구이 굴밥,서울 금천구 시흥대로50길 12-6 1층,(지번) 시흥동 903-12,"해물,생선"
111,초가집부뚜막청국장 독산점,서울 금천구 독산로 242,(지번) 독산동 1020-7,한식
112,실크로드중화요리,서울 금천구 가산로 147-5,(지번) 가산동 143-2,중화요리
113,유니콘베이크샵,서울 금천구 시흥대로 268 상아빌딩 A동 103호,(지번) 시흥동 870-9,"제과,베이커리"
114,모나드커피로스터스,서울 금천구 금하로24길 5,(지번) 시흥동 911-6,카페
115,투썸플레이스 금천롯데캐슬골드파크점,서울 금천구 벚꽃로 40 근린상가 113동 101호,(지번) 독산동 1147,커피전문점
116,협동 포장마차,서울 금천구 범안로 1215,(지번) 독산동 292-10,실내포장마차
117,원조부안집 독산7호점,서울 금천구 독산로75길 9,(지번) 독산동 1019,"육류,고기"
118,예원 가산점,서울 금천구 가산디지털1로 145 에이스하이엔드타워3차 203호,(지번) 가산동 371-50,중화요리
119,천지회관,서울 금천구 가산디지털1로 24,(지번) 가산동 664,"육류,고기"
120,투썸플레이스 가산디지털점,"서울 금천구 가산디지털1로 186 제이플라츠 1층 106,106-1호",(지번) 가산동 459-11,커피전문점
121,통영해물가 가산2호점,서울 금천구 벚꽃로46길 1-5,(지번) 가산동 35-12,"해물,생선"
122,팔공커피,서울 금천구 금하로1마길 21-6 1층,(지번) 독산동 1110-6,카페
123,한국수 독산역점,서울 금천구 가산디지털1로 5,(지번) 가산동 691,국수
124,바지락손칼국수,서울 금천구 독산로65길 27,(지번) 독산동 1047-4,국수
125,허가네연탄불고기 금천점,서울 금천구 시흥대로63길 33 대하빌딩 1층,(지번) 시흥동 114-2,"불고기,두루치기"
126,트리니티블랙,서울 금천구 가산디지털2로 108 뉴T캐슬 1층 104호,(지번) 가산동 429-1,커피전문점
127,포차인닭갈비,서울 금천구 가산디지털1로 168 우림라이온스밸리 A동 지하 1층,(지번) 가산동 371-28,닭요리
128,말뚝곱창 독산8호점,서울 금천구 독산로 341 1층,(지번) 독산동 962-37,"곱창,막창"
129,맘스터치 가산센트럴점,서울 금천구 디지털로10길 69 G05호,(지번) 가산동 233-5,패스트푸드
130,이화순대국,서울 금천구 시흥대로 237-12,(지번) 시흥동 999-40,순대
131,버거킹 가산이앤씨7점,서울 금천구 디지털로9길 46 이앤씨드림타워7차 101호,(지번) 가산동 60-44,패스트푸드
132,고기원칙 금천점,서울 금천구 시흥대로 291 롯데캐슬 3차 1층,(지번) 독산동 1155,"육류,고기"
133,돈유창,서울 금천구 독산로 188 1층,(지번) 독산동 378-397,"곱창,막창"
134,커피베이 가산직영점,서울 금천구 벚꽃로 254 월드메르디앙벤처센터1차 1층,(지번) 가산동 60-24,커피전문점
135,카페어거스트준,서울 금천구 벚꽃로 30 롯데캐슬골드파크2차 상가 2층 204호,(지번) 독산동 1150,커피전문점
136,스타벅스 가산그레이트점,서울 금천구 디지털로9길 32 갑을 그레이트 밸리 1층,(지번) 가산동 60-5,커피전문점
137,키주파크 독산점,"서울 금천구 벚꽃로6길 21 5층,6층",(지번) 독산동 495-5,키즈카페
138,탐스커버리 금천본점,"서울 금천구 시흥대로 398 1,2층",(지번) 독산동 1012-5,커피전문점
139,칭티엔,서울 금천구 디지털로9길 46 드림타워7차 2층,(지번) 가산동 60-44,중화요리
140,명륜진사갈비 석수역점,서울 금천구 시흥대로 10 1층,(지번) 시흥동 967-1,갈비
141,남도상차림,서울 금천구 시흥대로92길 4,(지번) 독산동 1060-25,한식
142,청와삼대 가산점,서울 금천구 벚꽃로56길 190,(지번) 가산동 139-8,"족발,보쌈"
143,조개가득 가산본점,서울 금천구 가산디지털2로 142-21,(지번) 가산동 458-1,조개
144,디오델커피,서울 금천구 벚꽃로 30 금천롯데캐슬골드파크2차 상가 205동 120호,(지번) 독산동 1150,커피전문점
145,야시장,서울 금천구 벚꽃로 309,(지번) 가산동 48-2,실내포장마차
146,스시옥 본점,서울 금천구 시흥대로 399 씨티렉스 1층 108호,(지번) 독산동 291-5,"초밥,롤"
147,스타벅스 가산에스케이점,서울 금천구 가산디지털1로 171,(지번) 가산동 371-41,커피전문점
148,양지식당,서울 금천구 시흥대로50길 10 1층,(지번) 시흥동 903-11,삼겹살
149,샐러데이즈 금천구청역점,서울 금천구 시흥대로63길 56 1층,(지번) 시흥동 113-102,양식
150,강촌식당 독산점,서울 금천구 두산로 70 현대지식산업센터 107호,(지번) 독산동 291-1,닭요리
151,교촌치킨 가산디지털점,서울 금천구 가산디지털1로 165 가산비지니스센터 2층,(지번) 가산동 371-6,치킨
152,청보리한우,서울 금천구 가산로 49,(지번) 독산동 288-11,"육류,고기"
153,할리스 가산디지털단지점,서울 금천구 가산디지털1로 186 제이플라츠 1층,(지번) 가산동 459-11,커피전문점
154,김밥얌얌,서울 금천구 금하로 675,(지번) 시흥동 838-35,분식
155,정수장,서울 금천구 범안로17길 15,(지번) 독산동 331-30,중화요리
156,은행나무갈매기,서울 금천구 금하로 678,(지번) 시흥동 895-6,"육류,고기"
157,소명생고기,서울 금천구 시흥대로 264,(지번) 시흥동 870-18,"육류,고기"
158,마피아피자,서울 금천구 가산디지털1로 168 우림라이온스밸리 A동,(지번) 가산동 371-28,피자
159,통파이브 가산디지털점,서울 금천구 벚꽃로 298 대륭포스트타워6차 2층,(지번) 가산동 50-3,"호프,요리주점"
160,502커피로스터스,서울 금천구 가산디지털1로 159-20 흥영물산 1층,(지번) 가산동 371-7,커피전문점
161,까페로드,서울 금천구 범안로 1152,(지번) 독산동 1003,카페
162,브래드팩토리망캄,서울 금천구 시흥대로 371,(지번) 독산동 292-8,"제과,베이커리"
163,폴린,서울 금천구 시흥대로56길 8 세종팰리스 102동 104호,(지번) 시흥동 890-17,디저트카페
164,해피치애견카페,서울 금천구 시흥대로 351 류성빌딩 지하 101호,(지번) 독산동 1009-29,애견카페
165,아라참치,서울 금천구 가산디지털1로 186 제이플라츠 B126호,(지번) 가산동 459-11,참치회
166,명가교동짬뽕 가산디지털점,서울 금천구 디지털로9길 46 이앤씨드림타워7차 지상1층,(지번) 가산동 60-44,중화요리
167,피자헛 가산점,서울 금천구 디지털로 206 1층,(지번) 가산동 140-29,피자
168,투썸플레이스 독산사거리점,서울 금천구 시흥대로 422,(지번) 독산동 287-2,커피전문점
169,펍피맥 가산디지털점,서울 금천구 벚꽃로 298 대륭포스트타워6차 124호,(지번) 가산동 50-3,피자
170,미스터찜 본점,서울 금천구 가산디지털1로 168 우림라이온스밸리 A동 2층 217호,(지번) 가산동 371-28,"해물,생선"
171,스타벅스 W-mall점,서울 금천구 디지털로 188 B1,(지번) 가산동 60-27,커피전문점
172,차림,서울 금천구 가산디지털1로 131 BYC하이시티 C동 지하1층,(지번) 가산동 371-17,한정식
173,우주라이크커피 가산디지털단지점,서울 금천구 가산로9길 12-8 지웰에스테이트2차 1층,(지번) 가산동 143-6,커피전문점
174,달리는커피 독산점,서울 금천구 시흥대로 341,(지번) 독산동 1009-74,커피전문점
175,탐나종합어시장 금천구청역점,"서울 금천구 시흥대로73길 67 1층 118, 119호",(지번) 시흥동 1031,회
176,팬더마라,서울 금천구 가산디지털1로 181 가산더블유센터 1층 114호,(지번) 가산동 371-106,중식
177,돌솥밥남원추어탕,서울 금천구 금하로 642,(지번) 시흥동 884-8,추어
178,샐러드로,서울 금천구 두산로 70 현대지식산업센터 로비층 124호,(지번) 독산동 291-1,카페
179,누리한방삼계탕,서울 금천구 가산디지털1로 186 제이플라츠 지하 1층 B118-3호,(지번) 가산동 459-11,삼계탕
180,명가네삼겹살,서울 금천구 가산디지털1로 186 제이플라츠 지하1층 B112호,(지번) 가산동 459-11,"육류,고기"
181,청년다방 금천구청점,서울 금천구 시흥대로 291 1층 B20호,(지번) 독산동 1155,떡볶이
182,배스킨라빈스 금천가산점,서울 금천구 가산로 111 동보빌딩,(지번) 가산동 153-1,아이스크림
183,순풍훠궈,서울 금천구 시흥대로 390,(지번) 독산동 1012-16,중식
184,퐁퐁플라워 가산센터,서울 금천구 벚꽃로 278 롯데아울렛 3층,(지번) 가산동 60-19,키즈카페
185,도미노피자 시흥점,서울 금천구 독산로 3,(지번) 시흥동 904-21,피자
186,항방양육관 시흥점,서울 금천구 시흥대로52길 49 1층,(지번) 시흥동 889-4,양꼬치
187,투뿔205,서울 금천구 디지털로9길 99 스타밸리 115호,(지번) 가산동 60-11,"육류,고기"
188,프랑세즈과자점,서울 금천구 남부순환로 1392,(지번) 독산동 876-3,"제과,베이커리"
189,신선설농탕 독산점,서울 금천구 시흥대로 405 1층,(지번) 독산동 289-7,설렁탕
190,명화곱창,서울 금천구 벚꽃로38길 5,(지번) 가산동 43-1,"곱창,막창"
191,팔람까오 가산2호점,서울 금천구 가산디지털1로 205 KCC웰츠밸리 1층,(지번) 가산동 470-8,태국음식
192,서울집 독산점,서울 금천구 시흥대로122길 24,(지번) 독산동 1013-9,한식
193,동남집,서울 금천구 가산디지털1로 219 벽산디지털밸리6차 1층,(지번) 가산동 481-4,한식
194,오복식당,서울 금천구 금하로 650,(지번) 시흥동 885-6,순대
195,명륜진사갈비 시흥사거리점,서울 금천구 시흥대로 266,(지번) 시흥동 870-10,갈비
196,빽다방 가산대륭점,서울 금천구 벚꽃로 298 대륭포스트타워6차 107-2호,(지번) 가산동 50-3,커피전문점
197,도미노피자 가산점,서울 금천구 가산로 146,(지번) 가산동 142-42,피자
198,수뿌레닭갈비 금천구청점,서울 금천구 시흥대로71길 44,(지번) 시흥동 124-10,닭요리
199,플레잉디오븐,서울 금천구 벚꽃로 278 SJ테크노빌 지하1층 137호,(지번) 가산동 60-19,디저트카페
200,BHC치킨 디지털점,서울 금천구 가산로9길 12-8 1동 1층 112호,(지번) 가산동 143-6,치킨
201,홍콩반점0410 가산대륭점,서울 금천구 벚꽃로 298 대륭포스트6차 1층 102호,(지번) 가산동 50-3,중화요리
202,스시천,서울 금천구 벚꽃로 298 대륭포스트타워 6차 1층 115호,(지번) 가산동 50-3,"초밥,롤"
203,빌리엔젤 마리오아울렛점,서울 금천구 벚꽃로 266 마리오아울렛 3관 6층,(지번) 가산동 60-20,디저트카페
204,가산황소곱창,서울 금천구 가산디지털1로 168 우림라이온스밸리 지하3층 A-B323호,(지번) 가산동 371-28,"곱창,막창"
205,이태리국수집,서울 금천구 독산로23길 48 1층,(지번) 시흥동 841-52,이탈리안
206,원조홍어회집,서울 금천구 금하로14길 2-3,(지번) 시흥동 886-12,회
207,말뚝곱창 가산본점,서울 금천구 가산디지털1로 168 우림라이온스밸리 A동 2층 224호,(지번) 가산동 371-28,"곱창,막창"
208,포36거리 가산디지털단지점,서울 금천구 벚꽃로 286 삼성리더스타워 지하1층 112호,(지번) 가산동 60-15,동남아음식
209,소소떡볶이 독산점,서울 금천구 독산로78길 10,(지번) 독산동 192-8,떡볶이
210,원조양평서울해장국,서울 금천구 디지털로9길 32,(지번) 가산동 60-5,해장국
211,더푸드스케치,서울 금천구 가산디지털1로 196 에이스테크노타워 10차 지하1층,(지번) 가산동 470-5,구내식당
212,남다른감자탕 가산디지털역점,서울 금천구 디지털로9길 99,(지번) 가산동 60-11,감자탕
213,포차천국 가산동점,서울 금천구 남부순환로108길 27 1층,(지번) 가산동 145-15,실내포장마차
214,투썸플레이스 가산하이엔드클래식점,서울 금천구 벚꽃로24길 26 1층,(지번) 가산동 219-6,커피전문점
215,샐러디 가산디지털단지점,서울 금천구 가산디지털1로 181,(지번) 가산동 371-106,샐러드
216,미각 아구동태해물찜탕,서울 금천구 금하로 673,(지번) 시흥동 839-49,"해물,생선"
217,신장면옥,서울 금천구 가산로 106 101호,(지번) 가산동 772,냉면
218,교촌치킨 독산2동점,서울 금천구 시흥대로 310,(지번) 독산동 1059-4,치킨
219,C27 현대시티아울렛 가산점,서울 금천구 디지털로10길 9 7층,(지번) 가산동 60-8,디저트카페
220,정미혜몽돌아구동태찜탕,서울 금천구 독산로 358,(지번) 독산동 960-15,아구
221,먹쉬돈나,서울 금천구 벚꽃로 266 마리오아울렛3관 12층,(지번) 가산동 60-20,떡볶이
222,힛더스팟 가산점,서울 금천구 디지털로10길 9 현대시티아울렛 가산점 1층,(지번) 가산동 60-8,"제과,베이커리"
223,동대문엽기떡볶이 가산디지털단지점,서울 금천구 벚꽃로 254 월드메르디앙벤처센터 1층 104-4호,(지번) 가산동 60-24,떡볶이
224,미가양꼬치,서울 금천구 벚꽃로42길 5,(지번) 가산동 40-15,양꼬치
225,생활맥주 가산디지털점,서울 금천구 벚꽃로 298 대륭포스트타워6차상가 1층,(지번) 가산동 50-3,"호프,요리주점"
226,제주먹돈 가산점,서울 금천구 두산로5길 61 1층,(지번) 가산동 237-34,"육류,고기"
227,BHC치킨 시흥사거리점,서울 금천구 시흥대로52길 49,(지번) 시흥동 889-4,치킨
228,경성시장 가산점,서울 금천구 가산디지털2로 14,(지번) 가산동 327-35,카페
229,구구함박,서울 금천구 시흥대로 291 롯데캐슬3차 상가1층 125호,(지번) 독산동 1155,양식
230,맘스터치 가산디지털단지역점,서울 금천구 벚꽃로 298,(지번) 가산동 50-3,패스트푸드
231,강촌,서울 금천구 벚꽃로42길 3,(지번) 가산동 40-1,오리
232,파파도나스 독산점,서울 금천구 시흥대로 352 103호,(지번) 독산동 1031,"제과,베이커리"
233,돌담집,서울 금천구 독산로50나길 12,(지번) 시흥동 3-63,"해물,생선"
234,스윗밸런스 가산더블유센터점,서울 금천구 가산디지털1로 181 가산더블유센터 1층 118호,(지번) 가산동 371-106,양식
235,곱창의전설 시흥본점,서울 금천구 금하로 639-1,(지번) 시흥동 879-109,"곱창,막창"
236,로얄스윗,서울 금천구 벚꽃로 234 110호,(지번) 가산동 60-25,카페
237,짬뽕명가,서울 금천구 시흥대로 106-1,(지번) 시흥동 940-1,중화요리
238,하남돼지집 가산디지털역점,서울 금천구 가산디지털1로 186 제이플라츠 지하 1층,(지번) 가산동 459-11,삼겹살
239,달코미롱,서울 금천구 남부순환로108길 20-1 로뎀아트빌 101호,(지번) 가산동 142-33,"제과,베이커리"
240,교촌치킨 시흥2호점,서울 금천구 은행나무로 12,(지번) 시흥동 905-5,치킨
241,혜화동돈까스,서울 금천구 금하로5길 4 가우디캐슬 1층,(지번) 시흥동 122-8,"돈까스,우동"
242,반포식스 독산점,서울 금천구 두산로 70 현대지식산업센터 A동 102호,(지번) 독산동 291-1,동남아음식
243,수라냉면,서울 금천구 금하로 633-1 1층,(지번) 시흥동 879-24,냉면
244,천수만 바지락칼국수낙지마당,서울 금천구 시흥대로 414,(지번) 독산동 287-7,국수
245,오치생참치,서울 금천구 가산디지털1로 128 STX-V타워 지하 1층 B134호,(지번) 가산동 371-37,참치회
246,고기원칙 가산하스모나점,서울 금천구 가산디지털1로 171 SK V1센터 2층,(지번) 가산동 371-41,"육류,고기"
247,투썸플레이스 석수역점,"서울 금천구 시흥대로 8 아르스파크 1층 101호, 2층 201호",(지번) 시흥동 979-4,커피전문점
248,곱창나라,서울 금천구 가산로 144,(지번) 가산동 142-41,"곱창,막창"
249,명동칼국수,서울 금천구 벚꽃로 278 SJ테크노빌 패션아일랜드 지하 154호,(지번) 가산동 60-19,국수
250,스타벅스 마리오아울렛점,서울 금천구 벚꽃로 266 마리오 3관1층,(지번) 가산동 60-20,커피전문점
251,담소소사골순대육개장 가산디지털점,서울 금천구 디지털로9길 99 스타벨리 1층,(지번) 가산동 60-11,순대
252,빽다방 금천시흥사거리점,서울 금천구 금하로 619,(지번) 시흥동 999-48,커피전문점
253,벨라 디저트카페,서울 금천구 두산로5길 7,(지번) 독산동 335-8,디저트카페
254,파파존스 금천점,서울 금천구 시흥대로 152 2층,(지번) 시흥동 936-5,피자
255,커피심리학,서울 금천구 시흥대로 84 윤빌딩 1층,(지번) 시흥동 954-17,카페
256,신전떡볶이 가산점,서울 금천구 가산로5길 72,(지번) 가산동 236-11,떡볶이
257,말뚝곱창 독산7호점,서울 금천구 범안로 1250,(지번) 독산동 1035-4,"곱창,막창"
258,고창민물풍천장어,서울 금천구 시흥대로 237-14,(지번) 시흥동 999-41,장어
259,참토우 독산점,서울 금천구 독산로 255,(지번) 독산동 195-3,"육류,고기"
260,파리바게뜨 독산4동점,서울 금천구 독산로75길 3 1층,(지번) 독산동 1019-2,"제과,베이커리"
261,장수갈비,서울 금천구 시흥대로56길 18,(지번) 시흥동 891-19,갈비
262,연안식당 가산디지털점,서울 금천구 디지털로9길 32 갑을그레이트밸리 1층 101호,(지번) 가산동 60-5,"해물,생선"
263,몽짬뽕,서울 금천구 금하로24길 31 1층,(지번) 시흥동 917-23,중화요리
264,강촌숯불닭갈비 독산점,서울 금천구 독산로75길 24,(지번) 독산동 196-27,닭요리
265,니하우 이사장요리,서울 금천구 벚꽃로40길 29,(지번) 가산동 42-6,중화요리
266,코야키친,서울 금천구 시흥대로 399,(지번) 독산동 291-6,일본식주점
267,한솥도시락 가산디지털단지점,서울 금천구 가산디지털2로 108 뉴티캐슬 1층 106호,(지번) 가산동 429-1,도시락
268,말뚝곱창 금천롯데캐슬점,서울 금천구 시흥대로 291 금천롯데캐슬골드파크3차 상가 1층 174호,(지번) 독산동 441-14,"곱창,막창"
269,투썸플레이스 가산대륭18차점,서울 금천구 가산디지털1로 19 1층 104호,(지번) 가산동 670-2,커피전문점
270,전주 닭칼국수바지락칼국수,서울 금천구 가산디지털2로 138-3,(지번) 가산동 458-30,국수
271,본죽 가산디지털점,서울 금천구 가산디지털1로 186 제이플라츠 1층 104-2호,(지번) 가산동 459-11,죽
272,태영생막창 독산점,서울 금천구 벚꽃로6길 3 금천이랜드해가든아파트 상가 1층,(지번) 독산동 1143,"곱창,막창"
273,노브랜드버거 시흥사거리점,"서울 금천구 시흥대로 224 금천리메인시티 1층 105,106호",(지번) 시흥동 883-11,패스트푸드
274,개돼지펍,서울 금천구 벚꽃로38길 32-67,(지번) 가산동 83-27,"호프,요리주점"
275,은하철도곱곱곱 가산디지털점,서울 금천구 가산로 147,(지번) 가산동 140-9,"곱창,막창"
276,와사비,서울 금천구 시흥대로2길 16 금천에이스빌 104동 101호,(지번) 시흥동 977,회
277,롯데리아 시흥현대시장점,서울 금천구 독산로 128,(지번) 시흥동 813,패스트푸드
278,카페자리,서울 금천구 독산로77길 39,(지번) 독산동 197-1,카페
279,교촌치킨 독산1호점,서울 금천구 독산로 344,(지번) 독산동 961-10,치킨
280,돈장군주먹고기 시흥1호점,서울 금천구 시흥대로56길 17,(지번) 시흥동 888-12,"육류,고기"
281,모두국밥 독산점,서울 금천구 시흥대로123길 7,(지번) 독산동 289-6,국밥
282,홍콩반점0410 독산홈플러스점,서울 금천구 시흥대로 405 2층,(지번) 독산동 289-7,중화요리
283,땅스부대찌개 시흥현대시장점,서울 금천구 독산로39길 21,(지번) 시흥동 852-11,"찌개,전골"
284,마피아피자앤펍,서울 금천구 시흥대로 291,(지번) 독산동 1155,피자
285,BHC치킨 독산맛나거리점,서울 금천구 시흥대로122길 22,(지번) 독산동 1013-8,치킨
286,동대문엽기떡볶이 금천시흥점,서울 금천구 시흥대로50길 9 2층,(지번) 시흥동 890-15,떡볶이
287,비엔나커피하우스 가산디지털단지점,서울 금천구 가산디지털1로 171 SK V1센터 2층 201호,(지번) 가산동 371-41,커피전문점
288,을지로통일집,"서울 금천구 벚꽃로 286 삼성리더스타워 지하1층 118, 119호",(지번) 가산동 60-15,"육류,고기"
289,대호정,서울 금천구 시흥대로52길 51,(지번) 시흥동 889-2,갈비
290,와플산도,서울 금천구 가산디지털1로 181 가산 더블유센터 1층,(지번) 가산동 371-106,디저트카페
291,플러버,서울 금천구 시흥대로 291 롯데캐슬골드파크3차 WEST동 2층 208호,(지번) 독산동 441-14,양식
292,강셰프양꼬치,서울 금천구 벚꽃로38길 32-63,(지번) 가산동 83-28,양꼬치
293,새마을식당 가산점,서울 금천구 가산디지털1로 168 우림라이온스빌딩 A동 210호,(지번) 가산동 371-28,"육류,고기"
294,카페타일링,서울 금천구 시흥대로150길 11-7,(지번) 독산동 967-7,카페
295,할리스 가산점,서울 금천구 가산디지털2로 165 백상스타타워2 1층 5호,(지번) 가산동 459-22,커피전문점
296,꾸미,서울 금천구 가산디지털1로 142 더스카이밸리 1층 130호,(지번) 가산동 371-57,"해물,생선"
297,후라이드참잘하는집 독산점,서울 금천구 독산로84길 9,(지번) 독산동 991-19,치킨
298,농협안심한우마을 독산점,서울 금천구 두산로 59,(지번) 독산동 299-32,"육류,고기"
299,혜화동돈까스극장 서울가산점,서울 금천구 디지털로12길 37 가산피어니빌 1층 102호,(지번) 가산동 143-20,"돈까스,우동"
300,죠스떡볶이 가산디지털점,서울 금천구 벚꽃로 298 대륭포스로 6차 1층 102호,(지번) 가산동 50-3,떡볶이
301,협진식당 5호점,서울 금천구 범안로21길 17,(지번) 독산동 293-29,한식
302,투썸플레이스 현대지식산업센터점,서울 금천구 두산로 70 1층 T-122호,(지번) 독산동 291-1,커피전문점
303,청석골 감자탕 순대국,서울 금천구 독산로 351,(지번) 독산동 959-9,감자탕
304,비어드파파 가산디지털점,서울 금천구 가산디지털1로 145 에이스하이엔드타워3차 1층,(지번) 가산동 371-50,디저트카페
305,더제이케이키친박스 가산디지털점,서울 금천구 가산디지털1로 145 에이스하이엔드타워 3차 111호,(지번) 가산동 371-50,이탈리안
306,정돈,서울 금천구 시흥대로52길 52,(지번) 시흥동 888,"육류,고기"
307,디저트39 독산사거리점,서울 금천구 시흥대로 421 서울바른세상병원 1층,(지번) 독산동 288-2,디저트카페
308,장봉덕공방,서울 금천구 시흥대로50길 34,(지번) 시흥동 901-27,"제과,베이커리"
309,배스킨라빈스 금천롯데캐슬점,서울 금천구 시흥대로 315 금천롯데캐슬 마르쉐도르960 1층,(지번) 독산동 1156,아이스크림
310,동남부대찌개,서울 금천구 가산디지털1로 151,(지번) 가산동 371-47,"찌개,전골"
311,동남집 1호점,서울 금천구 가산디지털2로 98 롯데아이티캐슬 2동 1층 114호,(지번) 가산동 550-1,한식
312,푸라닭치킨 시흥점,서울 금천구 금하로23길 40,(지번) 시흥동 825,치킨
313,이디야커피 가산리더스타워점,서울 금천구 벚꽃로 286 삼성리더스타워 지하 1층,(지번) 가산동 60-15,커피전문점
314,조선짬뽕,서울 금천구 독산로 85,(지번) 시흥동 841-7,중식
315,모꼬지카페,서울 금천구 가산로5길 14 해찬행복드림 1층 101호,(지번) 가산동 153-10,카페
316,79 황소곱창,서울 금천구 범안로 1249,(지번) 독산동 1026-16,"곱창,막창"
317,투썸플레이스 가산로데오점,서울 금천구 벚꽃로 254,(지번) 가산동 60-24,커피전문점
318,피자알볼로 금천구청점,서울 금천구 독산로 54,(지번) 시흥동 908,피자
319,족발야시장 가산두산위브점,서울 금천구 가산로 116 1층,(지번) 가산동 151-30,"족발,보쌈"
320,교촌치킨 시흥1호점,서울 금천구 금하로 753-1,(지번) 시흥동 264-17,치킨
321,누구나홀딱반한닭 가산점,서울 금천구 가산로 136,(지번) 가산동 142-52,치킨
322,우뜨래,서울 금천구 가산로 146 2층,(지번) 가산동 142-42,"육류,고기"
323,아바이토종순대국,서울 금천구 독산로 191,(지번) 독산동 1043-11,순대
324,꽃히다,서울 금천구 가산디지털1로 168 우림라이온스밸리 A동 221호,(지번) 가산동 371-28,일본식주점
325,홍콩반점0410 금천시흥사거리점,서울 금천구 금하로 635 1층,(지번) 시흥동 879-26,중화요리
326,다원,서울 금천구 가산디지털2로 108,(지번) 가산동 429-1,중식
327,87닭강정 시흥은행나무점,서울 금천구 은행나무로 51 1층,(지번) 시흥동 909-24,닭강정
328,풍년집정육식당 독산점,서울 금천구 독산로 354,(지번) 독산동 960-8,"육류,고기"
329,코코로식당,서울 금천구 벚꽃로38길 32-25,(지번) 가산동 83-6,일식집
330,가산어시장 직영점,서울 금천구 가산디지털1로 168 우림라이온스밸리 A동 2층,(지번) 가산동 371-28,회
331,미미초밥 금천점,서울 금천구 시흥대로 192,(지번) 시흥동 903-1,"초밥,롤"
332,BS수산,서울 금천구 탑골로 14,(지번) 시흥동 248-12,회
333,막회무침나라수산,서울 금천구 시흥대로71길 40,(지번) 시흥동 103-6,회
334,족발의장인족장 가산점,서울 금천구 디지털로9길 99 스타밸리 119호 120호,(지번) 가산동 60-11,"족발,보쌈"
335,통닭이야기 시흥본점,서울 금천구 금하로 617-3,(지번) 시흥동 123-2,치킨
336,이가네소한마리,서울 금천구 시흥대로52길 24,(지번) 시흥동 891,"육류,고기"
337,어촌마을,서울 금천구 범안로 1242,(지번) 독산동 1035,"해물,생선"
338,여장군 가산점,서울 금천구 가산디지털1로 142 2층,(지번) 가산동 371-57,"육류,고기"
339,한일수육칼국수,서울 금천구 디지털로9길 32 갑을그레이트밸리 지하 109,(지번) 가산동 60-5,국수
340,헤이마카롱,서울 금천구 금하로1길 75 1층,(지번) 독산동 1103-1,"제과,베이커리"
341,집나온암소,서울 금천구 벚꽃로 298,(지번) 가산동 50-3,"육류,고기"
342,불불,서울 금천구 범안로 1240,(지번) 독산동 1032-6,한식
343,토스트럭 가산디지털역점,서울 금천구 가산디지털1로 168 우림라이온스밸리B동 지하2층,(지번) 가산동 371-28,토스트
344,공차 가산점,서울 금천구 가산디지털1로 186 제이플라츠 2층 209호 ,(지번) 가산동 459-11,카페
345,이음망개떡,서울 금천구 벚꽃로 40 롯데캐슬골드파크1차아파트 상가 102호,(지번) 독산동 441-20,"떡,한과"
346,이디야커피 시흥대로점,서울 금천구 시흥대로 476,(지번) 독산동 967-10,커피전문점
347,신짜오베트남쌀국수반미,서울 금천구 금하로 657 1층,(지번) 시흥동 839,베트남음식
348,엉터리생고기 두번째이야기 금천시흥점,서울 금천구 시흥대로 192,(지번) 시흥동 903,"육류,고기"
349,홍루이젠 가산디지털점,서울 금천구 가산디지털1로 181 가산W센터 1층 111호,(지번) 가산동 371-106,샌드위치
350,엔제리너스 가산SKV1점,서울 금천구 가산디지털1로 171 1층,(지번) 가산동 371-41,커피전문점
351,원할머니보쌈족발 독산점,서울 금천구 시흥대로 368,(지번) 독산동 1031,"족발,보쌈"
352,롯데리아 구로가산점,서울 금천구 디지털로 188 지하 1층,(지번) 가산동 60-27,패스트푸드
353,육감만족 가산디지털역점,서울 금천구 가산디지털1로 168,(지번) 가산동 371-28,"족발,보쌈"
354,파리바게뜨 금천독산점,서울 금천구 시흥대로 405,(지번) 독산동 289-7,"제과,베이커리"
355,가산삼계탕,서울 금천구 가산디지털1로 131,(지번) 가산동 371-17,삼계탕
356,마니또김밥 가산점,서울 금천구 두산로5길 58,(지번) 가산동 235-57,분식
357,순수치킨 독산점,서울 금천구 문성로 11,(지번) 독산동 888-21,치킨
358,더진국 금천구청점,서울 금천구 시흥대로 291,(지번) 독산동 1155,국밥
359,파삼쭈삼 시흥점,서울 금천구 시흥대로52길 52 1층,(지번) 시흥동 888,한식
360,동대문엽기떡볶이 독산점,서울 금천구 시흥대로 392 1층,(지번) 독산동 1012-15,떡볶이
361,투썸플레이스 가산대성디폴리스점,서울 금천구 서부샛길 606,(지번) 가산동 543-1,커피전문점
362,판데오로,서울 금천구 가산디지털1로 186 제이플라츠1층,(지번) 가산동 459-11,"제과,베이커리"
363,카페인중독 금천점,서울 금천구 시흥대로92길 24,(지번) 독산동 1058-48,커피전문점
364,알리바바 가산IT금융센터점,서울 금천구 디지털로 200,(지번) 가산동 60-51,커피전문점
365,림벅와플 가산점,서울 금천구 가산디지털2로 127-137,(지번) 가산동 547-88,카페
366,파리바게뜨 금천구청역점,서울 금천구 시흥대로63길 91 1층,(지번) 시흥동 113-192,"제과,베이커리"
367,홍춘천치즈닭갈비 금천롯데캐슬점,서울 금천구 시흥대로 291 금천롯데캐슬골드파크3차 310동 1층 147호,(지번) 독산동 산 221-3,닭요리
368,이디야커피 시흥사거리점,서울 금천구 시흥대로63길 8,(지번) 시흥동 121-4,커피전문점
369,슬로우앤티,서울 금천구 가산디지털1로 142 가산 더스카이밸리 1차 1층 114호,(지번) 가산동 371-57,샌드위치
370,바르미 샤브샤브n칼국수 마리오점,서울 금천구 벚꽃로 266 마리오아울렛 3관 13층,(지번) 가산동 60-20,샤브샤브
371,뚜레쥬르 독산지식산업센타점,서울 금천구 두산로 70 현지식산업센터,(지번) 독산동 291-1,"제과,베이커리"
372,수원식당,서울 금천구 금하로 640,(지번) 시흥동 884-3,한식
373,곱창고 가산디지털점,서울 금천구 가산디지털1로 131 byc 하이시티 1층 c동 122호,(지번) 가산동 371-17,"곱창,막창"
374,찌개와소도둑,"서울 금천구 가산디지털1로 151 이노플렉스 1층 109,110호",(지번) 가산동 371-47,"육류,고기"
375,커피사피엔스 가산1호점,서울 금천구 가산디지털2로 67 102-1호,(지번) 가산동 345-33,커피전문점
376,파리바게뜨 금천정훈단지점,서울 금천구 독산로 211 1층,(지번) 독산동 1037-31,"제과,베이커리"
377,나뚜루 가산디지털점,서울 금천구 가산디지털1로 186 제이플라츠 A동 103호,(지번) 가산동 459-11,아이스크림
378,고봉민김밥인 금천롯데캐슬점,서울 금천구 시흥대로 291 금천롯데캐슬골드파크3차 상가 L동 B14호,(지번) 독산동 1155,분식
379,듬배골,서울 금천구 독산로10길 38,(지번) 시흥동 918,"육류,고기"
380,피자헛 금천시흥점,서울 금천구 은행나무로 43,(지번) 시흥동 909-36,피자
381,곱분이곱창 시흥사거리점,서울 금천구 시흥대로52길 38 1층,(지번) 시흥동 888-6,"곱창,막창"
382,커피팩토리 쏘 미니점,서울 금천구 시흥대로141길 67 1층,(지번) 독산동 144-55,카페
383,BHC치킨 시흥점,서울 금천구 독산로 114,(지번) 시흥동 813-35,치킨
384,고가네장충왕족발 시흥본점,서울 금천구 금하로 733,(지번) 시흥동 261-1,"족발,보쌈"
385,곱창의전설 독산점,서울 금천구 독산로 241 1층,(지번) 독산동 1019-10,"곱창,막창"
386,공단원조 닭칼국수전문,서울 금천구 가산디지털2로 138-5,(지번) 가산동 458-29,국수
387,시원손칼국수 가산점,서울 금천구 가산로 126,(지번) 가산동 151-50,국수
388,고구려,서울 금천구 가산로 53,(지번) 독산동 296-16,중화요리
389,푸라닭치킨 독산점,서울 금천구 시흥대로 315,(지번) 독산동 1156,치킨
390,샤오챠이,서울 금천구 시흥대로115길 37,(지번) 독산동 293-1,중화요리
391,족발야시장 금천구청점,서울 금천구 시흥대로 291 금천롯데캐슬골드파크3차상가 1층 B26호,(지번) 독산동 1155,"족발,보쌈"
392,이디야커피 세광교회점,서울 금천구 독산로 124,(지번) 시흥동 813-20,커피전문점
393,순남시래기 가산역점,서울 금천구 가산디지털1로 186 지하 1층,(지번) 가산동 459-11,한식
394,불불이 시흥본점,서울 금천구 시흥대로63길 3 1층,(지번) 시흥동 121-9,"족발,보쌈"
395,위드어나드,서울 금천구 시흥대로30길 12 1층,(지번) 시흥동 942-16,카페
396,두끼떡볶이 롯데마트 금천점,서울 금천구 시흥대로 291 지하1층,(지번) 독산동 1155,떡볶이
397,조개도둑,서울 금천구 시흥대로50길 11 1층,(지번) 시흥동 891-5,조개
398,더진국 독산점,서울 금천구 두산로 70 현대지식산업센터 지하1층 118호,(지번) 독산동 291-1,국밥
399,엔칙스치킨 서울가산점,서울 금천구 가산디지털1로 145 에이스하이엔드타워3차 106호,(지번) 가산동 371-50,치킨
400,황소곱창,서울 금천구 범안로 1138,(지번) 가산동 715,"곱창,막창"
401,여수생선조림쌈밥,서울 금천구 독산로109길 14 1층,(지번) 독산동 951-19,쌈밥
402,미스사이공 독산역점,"서울 금천구 가산디지털1로 5 대륭테크노타운20차 122,123호",(지번) 가산동 691,베트남음식
403,도마다리뼈다귀전문점 시흥점,서울 금천구 독산로 119,(지번) 시흥동 848-12,감자탕
404,송주불냉면 시흥은행나무점,서울 금천구 금하로24길 34,(지번) 시흥동 918-13,냉면
405,블랙데이,서울 금천구 독산로50길 17 2층,(지번) 시흥동 21-19,중화요리
406,목포회수산,서울 금천구 남부순환로108길 21 1층,(지번) 가산동 145-30,회
407,샘버거,서울 금천구 시흥대로 399 씨티렉스 1층 120호,(지번) 독산동 291-6,햄버거
408,60계 서울독산점,서울 금천구 시흥대로 291 310동 155호,(지번) 독산동 1155,치킨
409,진우리참치,서울 금천구 시흥대로128길 16,(지번) 독산동 284-12,참치회
410,카츠젠 가산점,서울 금천구 디지털로9길 32,(지번) 가산동 60-5,"돈까스,우동"
